"","text","favorited","favoriteCount","replyToSN","created","truncated","replyToSID","id","replyToUID","statusSource","screenName","retweetCount","isRetweet","retweeted","longitude","latitude"
"1","Lightning Delay Dance #EmpireStateHuskiesSouth @ Princess Anne Athletic Complex https://t.co/4DiUX4yoir",FALSE,0,NA,2019-06-01 13:13:27,FALSE,NA,"1134810189369040896",NA,"<a href=""http://instagram.com"" rel=""nofollow"">Instagram</a>","Stan_13",0,FALSE,FALSE,"-76.09682438","36.7637542"
"2","They grow on ya lol @ Princess Anne Athletic Complex https://t.co/wPzKP7JDGu",FALSE,0,NA,2019-06-01 13:03:45,FALSE,NA,"1134807747797626880",NA,"<a href=""http://instagram.com"" rel=""nofollow"">Instagram</a>","vatrill",0,FALSE,FALSE,"-76.09682438","36.7637542"
"3","#JPOL2019 Region 8 is under a current weather delay. We will keep you updated as we hear from the ATC.",FALSE,1,NA,2019-06-01 12:24:17,FALSE,NA,"1134797814872059904",NA,"<a href=""http://twitter.com/download/iphone"" rel=""nofollow"">Twitter for iPhone</a>","JrPremierHockey",0,FALSE,FALSE,"-76.09112436","36.76507284"
"4","Thank you so much for thinking of us during this difficult time<ed><U+00A0><U+00BD><ed><U+00B2><U+0094>@TrinityChurchVB https://t.co/IpNjygeSrY",FALSE,7,NA,2019-05-30 12:27:45,FALSE,NA,"1134073913514876930",NA,"<a href=""http://twitter.com/download/iphone"" rel=""nofollow"">Twitter for iPhone</a>","laurelbernard23",1,FALSE,FALSE,NA,NA
