"","X","text","favorited","favoriteCount","replyToSN","created","truncated","replyToSID","id","replyToUID","statusSource","screenName","retweetCount","isRetweet","retweeted","longitude","latitude"
"8",8,"Police activity in #VirginiaBeach on Princess Anne Rd Both NB/SB at Nimo Pkwy #traffic https://t.co/nbYNxpCSYN",FALSE,0,NA,"2019-06-01 21:37:57",FALSE,NA,1134937151634886656,NA,"<a href=""http://www.sigalert.com/Map.asp?region=Norfolk"" rel=""nofollow"">TTN ORF traffic</a>","TotalTrafficORF",0,FALSE,FALSE,-76.061,36.7561
"26",26,"Police activity in #VirginiaBeach on Princess Anne Rd Both NB/SB at Nimo Pkwy #traffic https://t.co/nbYNxpCSYN",FALSE,0,NA,"2019-06-01 09:33:19",FALSE,NA,1134754788820889600,NA,"<a href=""http://www.sigalert.com/Map.asp?region=Norfolk"" rel=""nofollow"">TTN ORF traffic</a>","TotalTrafficORF",0,FALSE,FALSE,-76.061,36.7561
"39",39,"Police activity in #VirginiaBeach on Princess Anne Rd Both NB/SB at Nimo Pkwy #traffic https://t.co/nbYNxplhAd",FALSE,0,NA,"2019-05-31 22:09:56",FALSE,NA,1134582811577372672,NA,"<a href=""http://www.sigalert.com/Map.asp?region=Norfolk"" rel=""nofollow"">TTN ORF traffic</a>","TotalTrafficORF",0,FALSE,FALSE,-76.061,36.7561
"40",40,"Police activity in #VirginiaBeach on Princess Anne Rd Both NB/SB at Nimo Pkwy #traffic https://t.co/nbYNxpCSYN",FALSE,0,NA,"2019-05-31 21:12:24",FALSE,NA,1134568330935881728,NA,"<a href=""http://www.sigalert.com/Map.asp?region=Norfolk"" rel=""nofollow"">TTN ORF traffic</a>","TotalTrafficORF",0,FALSE,FALSE,-76.061,36.7561
