"","X","text","favorited","favoriteCount","replyToSN","created","truncated","replyToSID","id","replyToUID","statusSource","screenName","retweetCount","isRetweet","retweeted","longitude","latitude"
"536",536,"Accident in #VirginiaBeach on Lynnhaven Pkwy south of S Lynnhaven Rd #traffic https://t.co/nbYNxpCSYN",FALSE,0,NA,"2019-06-01 17:55:33",FALSE,NA,1134881180489326592,NA,"<a href=""http://www.sigalert.com/Map.asp?region=Norfolk"" rel=""nofollow"">TTN ORF traffic</a>","TotalTrafficORF",0,FALSE,FALSE,-76.07193,36.81073
"852",852,"EXCLUSIVE: U.S. Marine Reports Being Attacked on Border Surveillance Mission 
https://t.co/CoVcJEBEjv <ed><U+00A0><U+00BD><ed><U+00BA><U+00A8>
 1 Shot Fired",FALSE,1,NA,"2019-06-01 14:07:13",FALSE,NA,1134823719686328320,NA,"<a href=""http://twitter.com/download/iphone"" rel=""nofollow"">Twitter for iPhone</a>","KillerBeeShow",2,FALSE,FALSE,NA,NA
"1191",1191,"That look on his face when he received his birthday goodies. <ed><U+00A0><U+00BD><ed><U+00B8><U+0081>

Happy birthday daddy-d! @ Grammy Karaoke Korean BBQ� https://t.co/28sGrc2scY",FALSE,0,NA,"2019-06-01 10:36:58",TRUE,NA,1134770809363468288,NA,"<a href=""http://instagram.com"" rel=""nofollow"">Instagram</a>","shelley315",0,FALSE,FALSE,-76.07315599,36.81116193
"2692",2692,"Join the CVS Health team! See our latest job opening here: https://t.co/ATaon6YnkE #Healthcare #VirginiaBeach, VA",FALSE,0,NA,"2019-05-31 17:12:20",FALSE,NA,1134507920148770816,NA,"<a href=""https://www.careerarc.com"" rel=""nofollow"">CareerArc 2.0</a>","tmj_orf_health",0,FALSE,FALSE,-76.0158924,36.7623439
"5476",5476,"Armed Forces Services Corporation is looking for teammates like you. See our latest #Healthcare job openings, inclu� https://t.co/Hwn4IKeKG1",FALSE,0,NA,"2019-05-29 18:17:24",TRUE,NA,1133799518212771840,NA,"<a href=""https://www.careerarc.com"" rel=""nofollow"">CareerArc 2.0</a>","tmj_orf_health",0,FALSE,FALSE,-76.030021,36.806516
"5585",5585,"If you're looking for work in #VirginiaBeach, VA, check out this #Retail job via the link in our bio: Retail Store Associate at CVS Health",FALSE,0,NA,"2019-05-29 16:26:40",FALSE,NA,1133771652150390784,NA,"<a href=""https://www.careerarc.com"" rel=""nofollow"">CareerArc 2.0</a>","tmj_vap_retail",0,FALSE,FALSE,-76.0158924,36.7623439
