"","X","text","favorited","favoriteCount","replyToSN","created","truncated","replyToSID","id","replyToUID","statusSource","screenName","retweetCount","isRetweet","retweeted","longitude","latitude"
"641",641,"Prayers for the families of those affected by this senseless act. 12 murdered, 4 wounded, countless lives touched.� https://t.co/rmBuV11TWP",FALSE,1,NA,"2019-06-01 16:41:42",TRUE,NA,1134862598678228992,NA,"<a href=""http://instagram.com"" rel=""nofollow"">Instagram</a>","stevebatton",0,FALSE,FALSE,-76.00759704,36.75791021
"2938",2938,"Accident in #VirginiaBeach on Rosemont Rd at Campion Ave #traffic https://t.co/nbYNxpCSYN",FALSE,0,NA,"2019-05-31 14:38:03",FALSE,NA,1134469093057343488,NA,"<a href=""http://www.sigalert.com/Map.asp?region=Norfolk"" rel=""nofollow"">TTN ORF traffic</a>","TotalTrafficORF",0,FALSE,FALSE,-76.1005,36.80561
"3895",3895,"Accident in #VirginiaBeach on Upton Dr at Nimmo Pkwy #traffic https://t.co/nbYNxpCSYN",FALSE,0,NA,"2019-05-30 21:14:35",FALSE,NA,1134206495929896960,NA,"<a href=""http://www.sigalert.com/Map.asp?region=Norfolk"" rel=""nofollow"">TTN ORF traffic</a>","TotalTrafficORF",0,FALSE,FALSE,-76.0052,36.761
"4179",4179,"0530 killed the #blackpantherworkout brought to them by hannah__bayer_official! Let's get it everyday at virginia_b� https://t.co/GewttWmIL6",FALSE,0,NA,"2019-05-30 17:22:53",TRUE,NA,1134148185142824960,NA,"<a href=""http://instagram.com"" rel=""nofollow"">Instagram</a>","setmefrefrmevl",0,FALSE,FALSE,-76.09417,36.81001
